effect_bundle_key	effect_key	effect_scope	value	advancement_stage
#effect_bundles_to_effects_junctions_tables;3;db/effect_bundles_to_effects_junctions_tables/rhox_zach				
wh3_main_books_of_nagash_zach_reward_1	wh2_main_effect_agent_cap_increase_all_heroes	faction_to_faction_own_unseen	1.0000	start_turn_completed
wh3_main_books_of_nagash_zach_reward_2	wh2_main_effect_agent_cap_increase_all_heroes	faction_to_faction_own_unseen	1.0000	start_turn_completed
wh3_main_books_of_nagash_zach_reward_3_army	wh_main_effect_force_all_campaign_replenishment_rate	force_to_force_own	10.0000	start_turn_completed
wh3_main_books_of_nagash_zach_reward_4	wh2_main_effect_agent_cap_increase_all_heroes	faction_to_province_own_unseen	2.0000	start_turn_completed
wh3_main_books_of_nagash_zach_reward_5	wh2_main_effect_agent_cap_increase_all_heroes	faction_to_force_own_unseen	-10.0000	start_turn_completed
wh3_main_books_of_nagash_zach_reward_6	wh2_main_effect_agent_cap_increase_all_heroes	faction_to_force_own_unseen	15.0000	start_turn_completed
wh3_main_books_of_nagash_zach_reward_7	rhox_zach_books_of_nagash_empowered_dummy	faction_to_faction_own_unseen	1.0000	start_turn_completed
wh3_main_books_of_nagash_zach_reward_8	wh2_main_effect_agent_cap_increase_all_heroes	faction_to_province_own_unseen	3.0000	start_turn_completed
wh3_main_books_of_nagash_zach_studied_reward_1	wh_main_effect_agent_action_success_chance	faction_to_character_own_unseen	10.0000	start_turn_completed
wh3_main_books_of_nagash_zach_studied_reward_2	wh2_main_effect_agent_cap_increase_all_heroes	faction_to_faction_own_unseen	30.0000	start_turn_completed
wh3_main_books_of_nagash_zach_studied_reward_3	wh_main_effect_force_all_campaign_upkeep	faction_to_faction_own_unseen	20.0000	start_turn_completed
wh3_main_books_of_nagash_zach_studied_reward_4	wh2_main_effect_agent_recruitment_cost_mod_general	faction_to_province_own_unseen	-25.0000	start_turn_completed
wh3_main_books_of_nagash_zach_studied_reward_5	wh_main_effect_force_all_campaign_upkeep	faction_to_force_own_unseen	-10.0000	start_turn_completed
wh3_main_books_of_nagash_zach_studied_reward_6	wh3_main_effect_winds_of_magic_pool_cap	faction_to_force_own_unseen	30.0000	start_turn_completed
wh3_main_books_of_nagash_zach_studied_reward_7	wh_main_effect_technology_research_points	faction_to_faction_own_unseen	20.0000	start_turn_completed
wh3_main_books_of_nagash_zach_studied_reward_8	wh3_main_effect_commandment_vmp_evocation_recruit_cap_mod_hidden	faction_to_province_own_unseen	1.0000	start_turn_completed
