ability_group	unit	group_page_order
#special_ability_groups_to_units_junctions_tables;1;db/special_ability_groups_to_units_junctions_tables/rhox_iee_lccp		
wh2_main_lore_high_magic	hef_calith_torinubar	0
wh2_main_lore_high_magic	hef_calith_torinubar_eagle	0
wh2_main_lore_high_magic	hef_calith_torinubar_dragon	0
rhox_zach_lore	hkrul_zach	0
rhox_zach_lore	hkrul_zach_dragon	0
wh2_dlc09_lore_nehekhara	hkrul_karitamen	0
wh2_dlc09_lore_nehekhara	hkrul_karitamen_horse	0
wh2_dlc09_lore_nehekhara	hkrul_karitamen_chariot	0
wh2_dlc09_lore_nehekhara	hkrul_karitamen_casket	0
wh2_dlc09_lore_nehekhara	hkrul_karitamen_dwarf_chariot	0
wh3_main_lore_of_ice	rhox_lccp_sceolan_wef_spellweaver_ice	0
wh3_main_lore_of_ice	rhox_lccp_sceolan_wef_spellweaver_ice_1	0
wh3_main_lore_of_ice	rhox_lccp_sceolan_wef_spellweaver_ice_2	0
wh3_main_lore_of_ice	rhox_lccp_sceolan_wef_spellweaver_ice_3	0
wh3_main_lore_of_ice	rhox_lccp_sceolan_wef_spellsinger_ice	0
wh3_main_lore_of_ice	rhox_lccp_sceolan_wef_spellsinger_ice_1	0
wh3_main_lore_of_ice	rhox_lccp_sceolan_wef_spellsinger_ice_2	0
wh3_main_lore_of_ice	rhox_lccp_sceolan_wef_spellsinger_ice_3	0
