level_name	chain	level	create_time	create_cost	upkeep_cost	commodity	only_in_capital	faction_unique	first_in_world_bundle	resource_requirement	can_convert	building_instance_key	should_show_building_level_in_ui_for_technology	health_override	development_point_cost	can_be_damaged	primary_slot_building_building_level_requirement	audio_building_type	visible_in_ui	food_cost	slave_cap_contribution	resource_cost	additional_loot_value	resource_transaction_on_complete	split_chain_sort_order	override_startpos_settlement_display_building
#building_levels_tables;3;db/building_levels_tables/rhox_iee_lccp																										
rhox_hrothyogg_mercenary_branch	rhox_hrothyogg_mercenary_branch	0	1	2000	0		false	false			false	rhox_hrothyogg_mercenary_branch	false	0.0000	0	true	0		true	0	0		0		-1	false
rhox_duriath_black_ark_special_1	rhox_duriath_black_ark_special	0	1	3000	0		false	false			true	rhox_duriath_black_ark_special	false	0.0000	0	true	0		true	0	0		0		-1	false
rhox_duriath_black_ark_special_2	rhox_duriath_black_ark_special	1	1	5000	0		false	false			true	rhox_duriath_black_ark_special	false	0.0000	0	true	3		true	0	0		0		-1	false
rhox_duriath_tor_elithis	rhox_duriath_tor_elithis	0	3	8000	0		false	false			true	rhox_duriath_tor_elithis	false	0.0000	0	true	3		true	0	0		0		-1	false
rhox_zach_malevolent_museum	rhox_zach_malevolent_museum	0	10	6000	0		false	false			true	rhox_zach_malevolent_museum	false	0.0000	0	true	3		true	0	0		0		-1	false
rhox_dolmance_slaanesh_1	rhox_dolmance_slaanesh	0	1	1000	0		false	false			true	rhox_dolmance_slaanesh	false	0.0000	0	true	1		true	0	0	wh3_main_sla_cult_1	0		-1	false
rhox_dolmance_slaanesh_2	rhox_dolmance_slaanesh	1	2	1500	0		false	false			true	rhox_dolmance_slaanesh	false	0.0000	0	true	2		true	0	0	wh3_main_sla_walls_major_1	0		-1	false
rhox_dolmance_slaanesh_3	rhox_dolmance_slaanesh	2	3	2000	0		false	false			true	rhox_dolmance_slaanesh	false	0.0000	0	true	3		true	0	0	wh3_main_sla_walls_major_2	0		-1	false
rhox_dolmance_slaanesh_4	rhox_dolmance_slaanesh	3	4	4000	0		false	false			true	rhox_dolmance_slaanesh	false	0.0000	0	true	5		true	0	0	wh3_main_sla_walls_major_3	0		-1	false
rhox_dolmance_sunstory	rhox_dolmance_sunstory	0	4	5000	0		false	false			true	rhox_dolmance_sunstory	false	0.0000	0	true	3		true	0	0		0		-1	false
rhox_dolmance_treasure_wine	rhox_dolmance_treasure_wine	0	4	5000	0		false	false			true	rhox_dolmance_treasure_wine	false	0.0000	0	true	3		true	0	0		0		-1	false
rhox_torinubar_sound_toll_1	rhox_torinubar_sound_toll	0	2	2000	0		false	false			true	rhox_torinubar_sound_toll	false	0.0000	0	true	1	wh2_cam_settlement_capital_highelves	true	0	0		0		-1	false
rhox_torinubar_sound_toll_2	rhox_torinubar_sound_toll	1	4	6000	0		false	false			true	rhox_torinubar_sound_toll	false	0.0000	0	true	3	wh2_cam_settlement_capital_highelves	true	0	0		0		-1	false
rhox_torinubar_sound_toll_3	rhox_torinubar_sound_toll	2	6	10000	0		false	false			true	rhox_torinubar_sound_toll	false	0.0000	0	true	5	wh2_cam_settlement_capital_highelves	true	0	0		0		-1	false
rhox_torinubar_east_foreign_1	rhox_torinubar_east_foreign	0	1	2000	0		false	false			false	rhox_torinubar_east_foreign	false	0.0000	0	true	1		true	0	0		0		-1	false
rhox_torinubar_east_foreign_2	rhox_torinubar_east_foreign	1	2	4000	0		false	false			false	rhox_torinubar_east_foreign	false	0.0000	0	true	2		true	0	0	rhox_torinubar_east_tier_1	0		-1	false
rhox_torinubar_east_foreign_3	rhox_torinubar_east_foreign	2	3	6000	0		false	false			false	rhox_torinubar_east_foreign	false	0.0000	0	true	3		true	0	0	rhox_torinubar_east_tier_2	0		-1	false
rhox_torinubar_east_foreign_4	rhox_torinubar_east_foreign	3	4	8000	0		false	false			false	rhox_torinubar_east_foreign	false	0.0000	0	true	4		true	0	0	rhox_torinubar_east_tier_3	0		-1	false
rhox_torinubar_east_foreign_5	rhox_torinubar_east_foreign	4	5	10000	0		false	false			false	rhox_torinubar_east_foreign	false	0.0000	0	true	5		true	0	0	rhox_torinubar_east_tier_4	0		-1	false
rhox_torinubar_west_foreign_1	rhox_torinubar_west_foreign	0	1	2000	0		false	false			false	rhox_torinubar_west_foreign	false	0.0000	0	true	1		true	0	0		0		-1	false
rhox_torinubar_west_foreign_2	rhox_torinubar_west_foreign	1	2	4000	0		false	false			false	rhox_torinubar_west_foreign	false	0.0000	0	true	2		true	0	0	rhox_torinubar_west_tier_1	0		-1	false
rhox_torinubar_west_foreign_3	rhox_torinubar_west_foreign	2	3	6000	0		false	false			false	rhox_torinubar_west_foreign	false	0.0000	0	true	3		true	0	0	rhox_torinubar_west_tier_2	0		-1	false
rhox_torinubar_west_foreign_4	rhox_torinubar_west_foreign	3	4	8000	0		false	false			false	rhox_torinubar_west_foreign	false	0.0000	0	true	4		true	0	0	rhox_torinubar_west_tier_3	0		-1	false
rhox_torinubar_west_foreign_5	rhox_torinubar_west_foreign	4	5	10000	0		false	false			false	rhox_torinubar_west_foreign	false	0.0000	0	true	5		true	0	0	rhox_torinubar_west_tier_4	0		-1	false
rhox_torinubar_tor_larha_colony	rhox_torinubar_tor_larha_colony	0	3	7000	0		false	false			true	rhox_torinubar_tor_larha_colony	false	0.0000	0	true	1		true	0	0		0		-1	false
rhox_thorgar_dae_advanced_1	rhox_thorgar_dae_advanced	0	3	1000	0		false	false			true	rhox_thorgar_dae_advanced	false	0.0000	0	true	1		true	0	0		0		-1	false
rhox_thorgar_dae_advanced_2	rhox_thorgar_dae_advanced	1	4	2000	0		false	false			true	rhox_thorgar_dae_advanced	false	0.0000	0	true	2		true	0	0		0		-1	false
rhox_thorgar_dae_advanced_3	rhox_thorgar_dae_advanced	2	5	3000	0		false	false			true	rhox_thorgar_dae_advanced	false	0.0000	0	true	3		true	0	0		0		-1	false
rhox_thorgar_dae_advanced_4	rhox_thorgar_dae_advanced	3	6	5000	0		false	false			true	rhox_thorgar_dae_advanced	false	0.0000	0	true	4		true	0	0		0		-1	false
rhox_thorgar_dae_advanced_5	rhox_thorgar_dae_advanced	4	7	10000	0		false	false			true	rhox_thorgar_dae_advanced	false	0.0000	0	true	5		true	0	0		0		-1	false
rhox_valbrand_nor_beasts_1	rhox_valbrand_NORSCA_beasts	0	1	500	0		false	false			true	wh_main_NORSCA_beasts	true	0.0000	0	true	0		true	0	0		0		-1	false
rhox_valbrand_nor_beasts_2	rhox_valbrand_NORSCA_beasts	1	3	1000	0		false	false			true	wh_main_NORSCA_beasts	true	0.0000	0	true	1		true	0	0		0		-1	false
rhox_valbrand_nor_beasts_3	rhox_valbrand_NORSCA_beasts	2	4	2000	0		false	false			true	wh_main_NORSCA_beasts	true	0.0000	0	true	2		true	0	0		0		-1	false
rhox_valbrand_nor_chaos_3	rhox_valbrand_NORSCA_chaos	2	5	7000	0		false	false			true	wh_main_NORSCA_chaos	true	0.0000	0	true	4		true	0	0		0		1	false
rhox_valbrand_nor_chaos_1	rhox_valbrand_NORSCA_chaos	0	3	3500	0		false	false			true	wh_main_NORSCA_chaos	true	0.0000	0	true	2		true	0	0		0		-1	false
rhox_valbrand_nor_chaos_2	rhox_valbrand_NORSCA_chaos	1	4	5000	0		false	false			true	wh_main_NORSCA_chaos	true	0.0000	0	true	3		true	0	0		0		-1	false
rhox_valbrand_nor_chaos_2b	rhox_valbrand_NORSCA_chaos	1	3	0	0		false	false			true	wh_main_NORSCA_chaos	true	0.0000	0	true	3		true	0	0	wh3_dlc27_nor_spoils_building_750	0		2	false
rhox_valbrand_nor_creatures_0	rhox_valbrand_NORSCA_creatures	0	2	2000	0		false	false			true	wh_main_NORSCA_creatures	false	0.0000	0	true	1		true	0	0		0		-1	false
rhox_valbrand_nor_creatures_1	rhox_valbrand_NORSCA_creatures	1	3	3500	0		false	false			true	wh_main_NORSCA_creatures	true	0.0000	0	true	2		true	0	0		0		-1	false
rhox_valbrand_nor_creatures_2	rhox_valbrand_NORSCA_creatures	2	4	5000	0		false	false			true	wh_main_NORSCA_creatures	true	0.0000	0	true	3		true	0	0		0		-1	false
rhox_valbrand_nor_creatures_2b	rhox_valbrand_NORSCA_creatures	2	3	0	0		false	false			true	wh_main_NORSCA_creatures	true	0.0000	0	true	3		true	0	0	wh3_dlc27_nor_spoils_building_750	0		2	false
rhox_valbrand_nor_creatures_3	rhox_valbrand_NORSCA_creatures	3	5	7000	0		false	false			true	wh_main_NORSCA_creatures	true	0.0000	0	true	4		true	0	0		0		1	false
rhox_valbrand_nor_loot_1	rhox_valbrand_NORSCA_loot	0	1	1000	0		false	false			true	wh_main_nor_loot	true	0.0000	0	true	1		true	0	0		0		-1	false
rhox_valbrand_nor_loot_2	rhox_valbrand_NORSCA_loot	1	2	2000	0		false	false			true	wh_main_nor_loot	true	0.0000	0	true	2		true	0	0		0		-1	false
rhox_valbrand_nor_loot_2b	rhox_valbrand_NORSCA_loot	1	1	0	0		false	false			true	wh_main_nor_loot	true	0.0000	0	true	2		true	0	0	wh3_dlc27_nor_spoils_building_200	0		-1	false
rhox_valbrand_nor_loot_3	rhox_valbrand_NORSCA_loot	2	3	4000	0		false	false			true	wh_main_nor_loot	true	0.0000	0	true	3		true	0	0		0		-1	false
rhox_valbrand_nor_loot_3b	rhox_valbrand_NORSCA_loot	2	2	0	0		false	false			true	wh_main_nor_loot	true	0.0000	0	true	3		true	0	0	wh3_dlc27_nor_spoils_building_600	0		-1	false
rhox_valbrand_nor_military_3b	rhox_valbrand_NORSCA_military	2	2	0	0		false	false			true	wh_main_NORSCA_military	true	0.0000	0	true	2		true	0	0	wh3_dlc27_nor_spoils_building_400	0		2	false
rhox_valbrand_nor_military_4	rhox_valbrand_NORSCA_military	3	4	3000	0		false	false			true	wh_main_NORSCA_military	false	0.0000	0	true	3		true	0	0		0		-1	false
rhox_valbrand_nor_military_1	rhox_valbrand_NORSCA_military	0	1	250	0		false	false			true	wh_main_NORSCA_military	true	0.0000	0	true	0		true	0	0		0		-1	false
rhox_valbrand_nor_military_2	rhox_valbrand_NORSCA_military	1	2	750	0		false	false			true	wh_main_NORSCA_military	true	0.0000	0	true	1		true	0	0		0		-1	false
rhox_valbrand_nor_military_3	rhox_valbrand_NORSCA_military	2	3	1500	0		false	false			true	wh_main_NORSCA_military	true	0.0000	0	true	2		true	0	0		0		1	false
rhox_valbrand_nor_offerings_2b	rhox_valbrand_NORSCA_offerings	1	2	0	0		false	false			true	wh_main_NORSCA_offerings	true	0.0000	0	true	2		true	0	0	wh3_dlc27_nor_spoils_building_600	0		2	false
rhox_valbrand_nor_offerings_3	rhox_valbrand_NORSCA_offerings	2	4	5000	0		false	false			true	wh_main_NORSCA_offerings	true	0.0000	0	true	3		true	0	0		0		-1	false
rhox_valbrand_nor_offerings_1	rhox_valbrand_NORSCA_offerings	0	2	2000	0		false	false			true	wh_main_NORSCA_offerings	true	0.0000	0	true	1		true	0	0		0		-1	false
rhox_valbrand_nor_offerings_2	rhox_valbrand_NORSCA_offerings	1	3	3500	0		false	false			true	wh_main_NORSCA_offerings	true	0.0000	0	true	2		true	0	0		0		1	false
rhox_valbrand_nor_settlement_major_1	rhox_valbrand_NORSCA_settlement_major	0	1	750	0		false	false			true	wh_main_NORSCA_settlement	false	0.0000	0	true	0	wh_cam_settlement_major_nordic	true	0	0		0		-1	false
rhox_valbrand_nor_settlement_major_2	rhox_valbrand_NORSCA_settlement_major	1	3	1500	0		false	false			true	wh_main_NORSCA_settlement	false	0.0000	1	true	0	wh_cam_settlement_major_nordic	true	0	0		0		-1	false
rhox_valbrand_nor_settlement_major_3	rhox_valbrand_NORSCA_settlement_major	2	4	3000	0		false	false			true	wh_main_NORSCA_settlement	false	0.0000	2	true	0	wh_cam_settlement_major_nordic	true	0	0		0		-1	false
rhox_valbrand_nor_settlement_major_4	rhox_valbrand_NORSCA_settlement_major	3	5	6000	0		false	false			true	wh_main_NORSCA_settlement	false	0.0000	4	true	0	wh_cam_settlement_major_nordic	true	0	0		0		-1	false
rhox_valbrand_nor_settlement_major_5	rhox_valbrand_NORSCA_settlement_major	4	6	12000	0		false	false			true	wh_main_NORSCA_settlement	false	0.0000	5	true	0	wh_cam_settlement_major_nordic	true	0	0		0		-1	false
rhox_valbrand_nor_slaves_4	rhox_valbrand_NORSCA_slaves	3	3	0	0		false	false			true	wh_main_nor_slaves	true	0.0000	0	true	3		true	0	0	wh3_dlc27_nor_spoils_building_400	0		-1	false
rhox_valbrand_nor_slaves_1	rhox_valbrand_NORSCA_slaves	0	1	500	0		false	false			true	wh_main_nor_slaves	true	0.0000	0	true	0		true	0	0		0		-1	false
rhox_valbrand_nor_slaves_2	rhox_valbrand_NORSCA_slaves	1	2	1000	0		false	false			true	wh_main_nor_slaves	true	0.0000	0	true	1		true	0	0		0		-1	false
rhox_valbrand_nor_slaves_3	rhox_valbrand_NORSCA_slaves	2	3	2000	0		false	false			true	wh_main_nor_slaves	true	0.0000	0	true	2		true	0	0		0		-1	false
rhox_valbrand_nor_smith_1	rhox_valbrand_NORSCA_smith	0	2	1000	0		false	false			true	wh_main_NORSCA_smith	true	0.0000	0	true	1		true	0	0		0		-1	false
rhox_valbrand_nor_smith_2	rhox_valbrand_NORSCA_smith	1	3	4000	0		false	false			true	wh_main_NORSCA_smith	true	0.0000	0	true	3		true	0	0		0		-1	false
rhox_valbrand_nor_smith_3	rhox_valbrand_NORSCA_smith	2	4	0	0		false	false			true	wh_main_NORSCA_smith	true	0.0000	0	true	4		true	0	0	wh3_dlc27_nor_spoils_building_750	0		-1	false
rhox_valbrand_nor_stables_1	rhox_valbrand_NORSCA_stables	0	1	500	0		false	false			true	wh_main_NORSCA_stables	true	0.0000	0	true	0		true	0	0		0		-1	false
rhox_valbrand_nor_stables_2	rhox_valbrand_NORSCA_stables	1	2	1000	0		false	false			true	wh_main_NORSCA_stables	true	0.0000	0	true	1		true	0	0		0		-1	false
rhox_valbrand_nor_stables_3	rhox_valbrand_NORSCA_stables	2	3	2000	0		false	false			true	wh_main_NORSCA_stables	true	0.0000	0	true	2		true	0	0		0		-1	false
rhox_valbrand_nor_walls_1	rhox_valbrand_NORSCA_walls	0	2	2500	0		false	false			true	wh_main_NORSCA_walls	true	0.0000	0	true	1		true	0	0		0		-1	false
rhox_valbrand_nor_walls_2	rhox_valbrand_NORSCA_walls	1	3	3500	0		false	false			true	wh_main_NORSCA_walls	true	0.0000	0	true	2		true	0	0		0		-1	false
rhox_valbrand_nor_walls_3	rhox_valbrand_NORSCA_walls	2	5	5000	0		false	false			true	wh_main_NORSCA_walls	true	0.0000	0	true	3		true	0	0		0		-1	false
rhox_valbrand_nor_walls_4	rhox_valbrand_NORSCA_walls	3	6	0	0		false	false			true	wh_main_NORSCA_walls	true	0.0000	0	true	4		true	0	0	wh3_dlc27_nor_spoils_building_600	0		-1	false
rhox_valbrand_nor_worship_1	rhox_valbrand_NORSCA_worship	0	1	500	0		false	false			true	wh_main_NORSCA_worship	true	0.0000	0	true	0		true	0	0		0		-1	false
rhox_valbrand_nor_worship_2	rhox_valbrand_NORSCA_worship	1	2	1000	0		false	false			true	wh_main_NORSCA_worship	true	0.0000	0	true	1		true	0	0		0		-1	false
rhox_valbrand_nor_worship_3	rhox_valbrand_NORSCA_worship	2	3	0	0		false	false			true	wh_main_NORSCA_worship	true	0.0000	0	true	3		true	0	0	wh3_dlc27_nor_spoils_building_600	0		-1	false
rhox_valbrand_nor_worship_4	rhox_valbrand_NORSCA_worship	3	99	999999	0		false	false			false	wh_main_NORSCA_worship	false	0.0000	0	true	4		false	0	0		0		-1	false
