army_name	unit_name	script_name	number_of_unit
#battle_set_piece_armies_units_junctions_tables;0;db/battle_set_piece_armies_units_junctions_tables/hkrul_lccp			
hkrul_engra_praag_qb_0001_player	wh_dlc01_chs_inf_chosen_2_rank_6_tier_4	engra_player	2
hkrul_engra_praag_qb_0001_player	wh3_dlc20_chs_inf_chosen_mnur	engra_player	2
hkrul_engra_praag_qb_0001_player	wh3_dlc20_chs_inf_chosen_mkho	engra_player	2
hkrul_engra_praag_qb_0001_player	wh3_dlc23_chs_art_hellcannon	engra_player	2
hkrul_engra_praag_qb_0001_defender	wh3_main_ksl_cha_patriarch_0_tier_5	praag_defender	2
hkrul_engra_praag_qb_0001_defender	wh3_main_ksl_inf_tzar_guard_0	praag_defender	2
hkrul_engra_praag_qb_0001_defender	wh3_main_ksl_inf_kossars_0	praag_defender	4
hkrul_engra_praag_qb_0001_defender	wh3_dlc24_qb_ksl_feral_bears	praag_defender	2
hkrul_engra_praag_qb_0001_defender	wh3_main_ksl_inf_streltsi_0	praag_defender	2
hkrul_engra_praag_qb_0001_defender_reserve	wh3_main_ksl_inf_tzar_guard_0	praag_reserve	4
hkrul_engra_praag_qb_0001_defender_reserve	wh3_main_ksl_cha_frost_maiden_ice_1	praag_reserve	1
hkrul_engra_praag_qb_0001_defender_reserve	wh3_main_ksl_inf_kossars_0	praag_reserve	2
hkrul_engra_praag_qb_0001_player	wh3_dlc27_nor_mon_chimera	engra_player	2
hkrul_engra_praag_qb_0001_player	wh3_dlc20_chs_mon_warshrine	engra_player	1
hkrul_engra_praag_qb_0001_player	wh_main_chs_mon_giant_tier_5	engra_player	1
hkrul_engra_praag_qb_0001_player	wh_main_chs_mon_trolls_rank_9_tier_3	engra_player	2
hkrul_engra_praag_qb_0001_player	wh_main_chs_inf_chosen_1_tier_4	engra_player	2
hkrul_engra_praag_qb_0001_defender_reserve	wh3_dlc24_ksl_inf_streltsi_ror	praag_reserve	1
hkrul_engra_praag_qb_0001_defender_reserve	wh3_main_ksl_inf_streltsi_0	praag_reserve	1
hkrul_engra_praag_qb_0001_defender_reserve	wh3_main_ksl_veh_little_grom_0	praag_reserve	2
hkrul_engra_praag_qb_0001_army3	wh_main_emp_art_mortar_tier_3	praag_army3	3
hkrul_engra_praag_qb_0001_army3	wh_main_emp_art_helstorm_rocket_battery_tier_3	praag_army3	2
hkrul_engra_praag_qb_0001_army3	wh_main_emp_inf_greatswords_rank_9	praag_army3	1
hkrul_engra_praag_qb_0001_defender_reserve	wh3_main_ksl_cha_boyar_2	praag_reserve	1
hkrul_engra_praag_qb_0001_defender_reserve	wh3_main_ksl_inf_armoured_kossars_0	praag_reserve	2
hkrul_engra_praag_qb_0001_army3	wh3_main_ksl_inf_tzar_guard_0	praag_army3	1
hkrul_engra_praag_qb_0001_army3	wh3_main_ksl_inf_kossars_0	praag_army3	2
hkrul_engra_praag_qb_0001_tzarguard	wh3_main_ksl_inf_tzar_guard_0	praag_tzarguard_final	2
hkrul_engra_praag_qb_0001_kholek	wh_main_chs_mon_chaos_spawn_tier_4	praag_kholek	3
hkrul_engra_praag_qb_0001_kholek	wh_dlc01_chs_mon_dragon_ogre_tier_4	praag_kholek	4
