effect_bundle	book	faction
#books_of_nagash_to_faction_effect_bundle_junctions_tables;0;db/books_of_nagash_to_faction_effect_bundle_junctions_tables/rhox_iee_lccp		
wh3_main_books_of_nagash_mannfred_reward_1	wh2_dlc09_books_of_nagash_1	rhox_vmp_the_everliving
wh3_main_books_of_nagash_mannfred_reward_2	wh2_dlc09_books_of_nagash_2	rhox_vmp_the_everliving
wh3_main_books_of_nagash_mannfred_reward_3	wh2_dlc09_books_of_nagash_3	rhox_vmp_the_everliving
wh3_main_books_of_nagash_mannfred_reward_4	wh2_dlc09_books_of_nagash_4	rhox_vmp_the_everliving
wh3_main_books_of_nagash_mannfred_reward_5	wh2_dlc09_books_of_nagash_5	rhox_vmp_the_everliving
wh3_main_books_of_nagash_mannfred_reward_6	wh2_dlc09_books_of_nagash_6	rhox_vmp_the_everliving
wh3_main_books_of_nagash_mannfred_reward_7	wh2_dlc09_books_of_nagash_7	rhox_vmp_the_everliving
wh3_main_books_of_nagash_mannfred_reward_8	wh2_dlc09_books_of_nagash_8	rhox_vmp_the_everliving
wh3_main_books_of_nagash_mannfred_reward_9	wh2_dlc09_books_of_nagash_9	rhox_vmp_the_everliving
