building	effect	context_requirement	effect_scope	value	value_damaged	value_ruined
#building_effects_junction_tables;0;db/building_effects_junction_tables/rhox_iee_lccp						
rhox_hrothyogg_mercenary_branch	wh2_dlc11_effect_percentage_region_income		foreign_building_to_foreign_building_own	25.0000	13.0000	0.0000
rhox_hrothyogg_mercenary_branch	rhox_hrothyogg_region_owner_mercenary_gain_chance		foreign_building_to_region_own	5.0000	5.0000	0.0000
rhox_hrothyogg_mercenary_branch	rhox_hrothyogg_building_destoryed_if_not_alliance_dummy		foreign_building_to_foreign_building_own	1.0000	1.0000	0.0000
rhox_duriath_black_ark_special_1	wh_main_effect_force_all_campaign_captives		force_to_force_own_black_ark	10.0000	5.0000	0.0000
rhox_duriath_black_ark_special_1	wh_main_effect_force_all_campaign_movement_range		force_to_force_own	15.0000	10.0000	0.0000
rhox_duriath_black_ark_special_1	wh_main_effect_force_all_campaign_sacking_income		force_to_character_in_sphere_of_influence_own	20.0000	10.0000	0.0000
rhox_duriath_black_ark_special_2	wh2_main_effect_building_unit_xp_levels_def_resource_salt		building_to_force_own_factionwide	3.0000	2.0000	0.0000
rhox_duriath_black_ark_special_2	wh_main_effect_force_all_campaign_captives		force_to_force_own_black_ark	20.0000	10.0000	0.0000
rhox_duriath_black_ark_special_2	wh_main_effect_force_all_campaign_movement_range		force_to_force_own	30.0000	15.0000	0.0000
rhox_duriath_black_ark_special_2	wh_main_effect_force_all_campaign_sacking_income		force_to_character_in_sphere_of_influence_own	40.0000	20.0000	0.0000
rhox_duriath_tor_elithis	wh_main_effect_economy_gdp_trade_sea		building_to_building_own	400.0000	200.0000	0.0000
rhox_duriath_tor_elithis	wh_main_effect_province_growth_building		region_to_province_own	30.0000	15.0000	0.0000
rhox_duriath_tor_elithis	wh3_main_pooled_resource_def_slaves_buildings_gained		building_to_faction_own	100.0000	50.0000	0.0000
rhox_duriath_tor_elithis	wh3_main_pooled_resource_def_slaves_buildings_used_mod		faction_to_province_own	-5.0000	0.0000	0.0000
rhox_zach_malevolent_museum	wh3_main_effect_building_mannfred_museum		faction_to_faction_own_unseen	1.0000	1.0000	0.0000
rhox_zach_malevolent_museum	wh3_dlc29_effect_ability_enable_bound_breath_of_darkness	BooksOfNagash7	faction_to_faction_leader	1.0000	1.0000	0.0000
rhox_zach_malevolent_museum	wh3_dlc29_effect_ability_enable_bound_breath_of_darkness	BooksOfNagash8	faction_to_faction_leader	1.0000	1.0000	0.0000
rhox_zach_malevolent_museum	wh3_dlc29_effect_ability_enable_bound_breath_of_darkness_upgraded	BooksOfNagash9	faction_to_faction_leader	1.0000	1.0000	0.0000
rhox_zach_malevolent_museum	wh3_dlc29_effect_books_of_nagash_owned_0_dummy	BooksOfNagash0	faction_to_faction_own_unseen	1.0000	1.0000	0.0000
rhox_zach_malevolent_museum	wh3_dlc29_effect_books_of_nagash_owned_dummy	BooksOfNagash1	faction_to_faction_own_unseen	1.0000	1.0000	0.0000
rhox_zach_malevolent_museum	wh3_dlc29_effect_books_of_nagash_owned_dummy	BooksOfNagash2	faction_to_faction_own_unseen	2.0000	2.0000	0.0000
rhox_zach_malevolent_museum	wh3_dlc29_effect_books_of_nagash_owned_dummy	BooksOfNagash3	faction_to_faction_own_unseen	3.0000	3.0000	0.0000
rhox_zach_malevolent_museum	wh3_dlc29_effect_books_of_nagash_owned_dummy	BooksOfNagash4	faction_to_faction_own_unseen	4.0000	4.0000	0.0000
rhox_zach_malevolent_museum	wh3_dlc29_effect_books_of_nagash_owned_dummy	BooksOfNagash5	faction_to_faction_own_unseen	5.0000	5.0000	0.0000
rhox_zach_malevolent_museum	wh3_dlc29_effect_books_of_nagash_owned_dummy	BooksOfNagash6	faction_to_faction_own_unseen	6.0000	6.0000	0.0000
rhox_zach_malevolent_museum	wh3_dlc29_effect_books_of_nagash_owned_dummy	BooksOfNagash7	faction_to_faction_own_unseen	7.0000	7.0000	0.0000
rhox_zach_malevolent_museum	wh3_dlc29_effect_books_of_nagash_owned_dummy	BooksOfNagash8	faction_to_faction_own_unseen	8.0000	8.0000	0.0000
rhox_zach_malevolent_museum	wh3_dlc29_effect_books_of_nagash_owned_dummy	BooksOfNagash9	faction_to_faction_own_unseen	9.0000	9.0000	0.0000
rhox_zach_malevolent_museum	wh3_main_effect_battle_barrier_health_add	BooksOfNagash0	faction_to_faction_leader	50.0000	30.0000	0.0000
rhox_zach_malevolent_museum	wh3_main_effect_battle_barrier_health_add	BooksOfNagash1	faction_to_faction_leader	100.0000	50.0000	0.0000
rhox_zach_malevolent_museum	wh3_main_effect_battle_barrier_health_add	BooksOfNagash2	faction_to_faction_leader	150.0000	80.0000	0.0000
rhox_zach_malevolent_museum	wh3_main_effect_battle_barrier_health_add	BooksOfNagash3	faction_to_faction_leader	200.0000	100.0000	0.0000
rhox_zach_malevolent_museum	wh3_main_effect_battle_barrier_health_add	BooksOfNagash4	faction_to_faction_leader	250.0000	130.0000	0.0000
rhox_zach_malevolent_museum	wh3_main_effect_battle_barrier_health_add	BooksOfNagash5	faction_to_faction_leader	300.0000	150.0000	0.0000
rhox_zach_malevolent_museum	wh3_main_effect_battle_barrier_health_add	BooksOfNagash6	faction_to_faction_leader	350.0000	180.0000	0.0000
rhox_zach_malevolent_museum	wh3_main_effect_battle_barrier_health_add	BooksOfNagash7	faction_to_faction_leader	400.0000	200.0000	0.0000
rhox_zach_malevolent_museum	wh3_main_effect_battle_barrier_health_add	BooksOfNagash8	faction_to_faction_leader	450.0000	230.0000	0.0000
rhox_zach_malevolent_museum	wh3_main_effect_battle_barrier_health_add	BooksOfNagash9	faction_to_faction_leader	500.0000	250.0000	0.0000
rhox_zach_malevolent_museum	wh3_main_effect_winds_of_magic_pool_cap	BooksOfNagash0	faction_to_force_faction_leader	3.0000	2.0000	0.0000
rhox_zach_malevolent_museum	wh3_main_effect_winds_of_magic_pool_cap	BooksOfNagash1	faction_to_force_faction_leader	5.0000	3.0000	0.0000
rhox_zach_malevolent_museum	wh3_main_effect_winds_of_magic_pool_cap	BooksOfNagash2	faction_to_force_faction_leader	10.0000	5.0000	0.0000
rhox_zach_malevolent_museum	wh3_main_effect_winds_of_magic_pool_cap	BooksOfNagash3	faction_to_force_faction_leader	15.0000	8.0000	0.0000
rhox_zach_malevolent_museum	wh3_main_effect_winds_of_magic_pool_cap	BooksOfNagash4	faction_to_force_faction_leader	20.0000	10.0000	0.0000
rhox_zach_malevolent_museum	wh3_main_effect_winds_of_magic_pool_cap	BooksOfNagash5	faction_to_force_faction_leader	25.0000	13.0000	0.0000
rhox_zach_malevolent_museum	wh3_main_effect_winds_of_magic_pool_cap	BooksOfNagash6	faction_to_force_faction_leader	35.0000	18.0000	0.0000
rhox_zach_malevolent_museum	wh3_main_effect_winds_of_magic_pool_cap	BooksOfNagash7	faction_to_force_faction_leader	50.0000	25.0000	0.0000
rhox_zach_malevolent_museum	wh3_main_effect_winds_of_magic_pool_cap	BooksOfNagash8	faction_to_force_faction_leader	75.0000	38.0000	0.0000
rhox_zach_malevolent_museum	wh3_main_effect_winds_of_magic_pool_cap	BooksOfNagash9	faction_to_force_faction_leader	100.0000	50.0000	0.0000
rhox_zach_malevolent_museum	wh_main_effect_technology_research_points	BooksOfNagash0	faction_to_faction_own_unseen	5.0000	3.0000	0.0000
rhox_zach_malevolent_museum	wh_main_effect_technology_research_points	BooksOfNagash1	faction_to_faction_own_unseen	10.0000	5.0000	0.0000
rhox_zach_malevolent_museum	wh_main_effect_technology_research_points	BooksOfNagash2	faction_to_faction_own_unseen	15.0000	8.0000	0.0000
rhox_zach_malevolent_museum	wh_main_effect_technology_research_points	BooksOfNagash3	faction_to_faction_own_unseen	20.0000	10.0000	0.0000
rhox_zach_malevolent_museum	wh_main_effect_technology_research_points	BooksOfNagash4	faction_to_faction_own_unseen	25.0000	13.0000	0.0000
rhox_zach_malevolent_museum	wh_main_effect_technology_research_points	BooksOfNagash5	faction_to_faction_own_unseen	30.0000	15.0000	0.0000
rhox_zach_malevolent_museum	wh_main_effect_technology_research_points	BooksOfNagash6	faction_to_faction_own_unseen	35.0000	18.0000	0.0000
rhox_zach_malevolent_museum	wh_main_effect_technology_research_points	BooksOfNagash7	faction_to_faction_own_unseen	40.0000	20.0000	0.0000
rhox_zach_malevolent_museum	wh_main_effect_technology_research_points	BooksOfNagash8	faction_to_faction_own_unseen	45.0000	23.0000	0.0000
rhox_zach_malevolent_museum	wh_main_effect_technology_research_points	BooksOfNagash9	faction_to_faction_own_unseen	50.0000	25.0000	0.0000
